City_ID,City,Country,Max Temp,Current Description,Rain (inches),Snow (inches),Lat,Lng,Hotel Name
1,Dingle,PH,77.63,scattered clouds,0.0,0,11.0,122.67,Camp Pasica
2,Puerto Escondido,MX,87.8,broken clouds,0.0,0,15.85,-97.07,Aldea del Bazar Hotel and Spa
5,Havre-Saint-Pierre,CA,60.8,clear sky,0.0,0,50.23,-63.6,Auberge Niapiskau
12,Kuah,MY,80.6,few clouds,0.0,0,6.33,99.84,Azio Hotel
13,East London,ZA,69.35,clear sky,0.0,0,-33.02,27.91,Tu Casa
14,Kashi,CN,71.6,scattered clouds,0.0,0,39.45,75.98,帕米尔青年旅舍
15,Zhigansk,RU,70.3,clear sky,0.0,0,66.77,123.37,Gostinichnyy Kompleks Aylgy
18,Tateyama,JP,72.0,broken clouds,0.0,0,34.98,139.87,Tateyama Seaside Hotel
21,Victoria,HK,84.0,broken clouds,0.0,0,22.29,114.16,Mini Hotel Central
22,Arraial Do Cabo,BR,78.8,clear sky,0.0,0,-22.97,-42.03,Pousada Porto Praia
23,Benjamin Hill,MX,102.0,clear sky,0.0,0,30.17,-111.1,Luis Guillermo García Medina
27,Xapuri,BR,86.58,overcast clouds,0.0,0,-10.65,-68.5,Restaurante Viana
33,Castilho,BR,75.2,clear sky,0.0,0,-20.87,-51.49,Rancho Loquetti
34,Nikolskoye,RU,60.8,clear sky,0.0,0,59.7,30.79,Tourist House - Sablino
35,Avarua,CK,73.4,overcast clouds,0.0,0,-21.21,-159.78,Paradise Inn
37,Jamestown,US,80.01,few clouds,0.0,0,42.1,-79.24,Hampton Inn & Suites Jamestown
40,Santa Rosa,PH,80.6,few clouds,0.0,0,14.31,121.11,Amethyst Econotel
42,Odweyne,SO,76.03,scattered clouds,0.0,0,9.41,45.06,Eng Hiirey House
43,Castro,BR,61.29,clear sky,0.0,0,-24.79,-50.01,CHACARA BAILLY
44,Richards Bay,ZA,62.64,clear sky,0.0,0,-28.78,32.04,BON Hotel Waterfront Richards Bay
45,Elliot Lake,CA,78.8,clear sky,0.0,0,46.38,-82.63,Frontier Lodge
49,Fortuna,US,66.2,few clouds,0.0,0,40.6,-124.16,Super 8 by Wyndham Fortuna
50,Zyryanka,RU,81.0,scattered clouds,0.0,0,65.75,150.85,Zyryanka
51,Dimbokro,CI,74.93,broken clouds,0.0,0,6.65,-4.7,complexe hôtelier le jardin d'Eden
54,Iranshahr,IR,95.0,clear sky,0.0,0,27.2,60.68,کافی نت دانشگاه
56,Butaritari,KI,83.05,overcast clouds,0.0,0,3.07,172.79,Isles Sunset Lodge
57,Georgetown,MY,82.4,few clouds,0.0,0,5.41,100.34,Cititel Penang
59,Lompoc,US,66.99,few clouds,0.0,0,34.64,-120.46,Holiday Inn Express Lompoc
60,Bengkulu,ID,75.38,overcast clouds,0.0,0,-3.8,102.27,Grage Hotel Bengkulu
63,Hohhot,CN,62.6,clear sky,0.0,0,40.81,111.65,Sheraton Hohhot Hotel
64,Isangel,VU,72.39,scattered clouds,0.0,0,-19.55,169.27,Volcano Sea View Tree House
66,Linfen,CN,74.12,clear sky,0.0,0,36.09,111.52,Suoxing Hotel
67,Kahului,US,84.2,few clouds,0.0,0,20.89,-156.47,Maui Seaside Hotel
68,Broome,US,82.0,few clouds,0.0,0,42.25,-75.83,Chenango Valley State Park
69,Flagstaff,US,86.0,clear sky,0.0,0,35.2,-111.65,Drury Inn & Suites Flagstaff
70,Nizhniy Baskunchak,RU,80.64,broken clouds,0.0,0,48.22,46.83,Arman hotel
71,Rosetta,EG,73.4,clear sky,0.0,0,31.4,30.42,Green Valley
74,Goundam,ML,97.18,overcast clouds,0.0,0,16.41,-3.67,
76,Vaini,TO,77.0,broken clouds,0.0,0,-21.2,-175.2,Keleti Beach Resort
79,Atuona,PF,79.74,clear sky,0.0,0,-9.8,-139.03,Villa Enata
80,Kamenka,RU,72.0,scattered clouds,0.0,0,51.32,42.77,
85,Hilo,US,82.4,few clouds,0.0,0,19.73,-155.09,Hilo Hawaiian Hotel
86,Aykhal,RU,60.8,broken clouds,0.0,0,66.0,111.5,
88,Tiksi,RU,65.07,clear sky,0.0,0,71.69,128.87,Arktika
89,Pisco,PE,66.99,scattered clouds,0.0,0,-13.7,-76.22,Hostal San Isidro Oficial
92,Port-Gentil,GA,77.0,scattered clouds,0.0,0,-0.72,8.78,Fengshui Residence
94,Camacha,PT,69.8,scattered clouds,0.0,0,33.08,-16.33,Hotel Porto Santo & Spa
95,Souillac,MU,71.6,scattered clouds,0.0,0,-20.52,57.52,Bils' Villa
98,Quelimane,MZ,68.0,few clouds,0.0,0,-17.88,36.89,Hotel Flamingo
100,Manta,EC,82.4,broken clouds,0.0,0,-0.95,-80.73,Balandra Hotel
103,Ponta Do Sol,PT,71.6,scattered clouds,0.0,0,32.67,-17.1,Hotel do Campo
107,Port Alfred,ZA,64.99,few clouds,0.0,0,-33.59,26.89,The Halyards Hotel
108,Bambous Virieux,MU,71.6,scattered clouds,0.0,0,-20.34,57.76,Casa Tia Villa
109,Mount Isa,AU,60.8,clear sky,0.0,0,-20.73,139.5,ibis Styles Mt Isa Verona
111,Amarkantak,IN,70.54,overcast clouds,0.0,0,22.67,81.75,STARiHOTELS Amarkantak Madhya Pradesh
112,Bandarbeyla,SO,79.97,overcast clouds,0.0,0,9.49,50.81,REER XOOSHLE GROUP
114,Bo Phloi,TH,77.76,overcast clouds,0.0,0,14.32,99.52,แอท เมืองพลอย รีสอร์ท At MuangPloy Resort
116,Thinadhoo,MV,84.07,overcast clouds,0.0,0,0.53,72.93,
119,Pangkalanbuun,ID,74.39,overcast clouds,0.0,0,-2.68,111.62,Grand Kecubung Hotel
120,High Level,CA,78.8,few clouds,0.0,0,58.52,-117.14,Days Inn by Wyndham High Level
121,Hamilton,US,91.0,clear sky,0.0,0,39.18,-84.53,Six Acres Bed & Breakfast
127,Saint George,US,98.01,clear sky,0.0,0,37.1,-113.58,Best Western Plus Abbey Inn
129,Koulikoro,ML,95.02,few clouds,0.0,0,14.0,-7.75,
130,Bowen,AU,66.99,overcast clouds,0.0,0,-20.02,148.23,Castle Motor Lodge Motel
131,Rayong,TH,82.4,few clouds,0.0,0,12.83,101.43,Purimas Beach Hotel
132,Lagdo,CM,82.4,thunderstorm,0.0,0,9.05,13.73,
134,Jiaocheng,CN,76.23,overcast clouds,0.0,0,24.68,116.14,Changtan Tourism Resort
135,Cherskiy,RU,80.28,overcast clouds,0.0,0,68.75,161.3,Gostinitsa
137,Puerto Ayora,EC,77.0,few clouds,0.0,0,-0.74,-90.35,Finch Bay Galapagos Hotel
138,Tessalit,ML,96.75,clear sky,0.0,0,20.2,1.01,
139,Callaway,US,87.01,clear sky,0.0,0,30.15,-85.57,Holiday Inn Express & Suites Panama City-Tyndall
141,Madarounfa,NE,87.94,clear sky,0.0,0,13.31,7.16,Madarounfa centre ville
142,Sorrento,IT,71.01,clear sky,0.0,0,40.63,14.37,Hotel Sorrento City
143,Aswan,EG,83.53,scattered clouds,0.0,0,24.09,32.91,Nuba Nile
144,Yellowknife,CA,73.4,few clouds,0.0,0,62.46,-114.35,The Explorer Hotel
145,Sibu,MY,77.0,scattered clouds,0.0,0,2.3,111.82,RH HOTEL (4 Star)
146,Bethel,US,84.2,clear sky,0.0,0,41.37,-73.41,Courtyard by Marriott Danbury
148,Cabedelo,BR,78.8,broken clouds,0.0,0,-6.98,-34.83,Lua Mansa Pousada
150,Masuguru,TZ,68.97,scattered clouds,0.0,0,-11.37,38.42,
154,Bayonne,FR,64.99,few clouds,0.0,0,43.33,-1.42,Hôtel du Fronton & Restaurant Bonnet
155,Mercedes,AR,60.01,overcast clouds,0.0,0,-34.65,-59.43,Posada del Inti Centro
157,Udachnyy,RU,60.8,broken clouds,0.0,0,66.42,112.4,Gostinitsa Vilyuy
158,Ribeira Grande,PT,68.0,scattered clouds,0.0,0,38.52,-28.7,Quinta da Meia Eira
159,Greensburg,US,84.99,scattered clouds,0.0,0,40.3,-79.54,Courtyard by Marriott Pittsburgh Greensburg
162,Lata,PT,64.99,clear sky,0.0,0,40.16,-8.33,Casa Maquia
165,Chapleau,CA,82.4,broken clouds,0.0,0,47.84,-83.4,Nemegosenda Lake Lodge
169,Stonehaven,GB,61.0,few clouds,0.0,0,56.96,-2.21,"The Ship Inn, Stonehaven"
170,Pringsewu,ID,71.74,few clouds,0.0,0,-5.36,104.97,Urban Style by Front One
171,Gannan,CN,61.34,clear sky,0.0,0,47.91,123.5,Gannan Supply and Marketing Cooperatives Hostel
172,Clermont,FR,62.6,scattered clouds,0.0,0,49.5,2.42,"gîte"" Le Manoir Enchanté"" de Mme Doumayrou"
175,Sillod,IN,77.81,overcast clouds,0.0,0,20.3,75.65,पवन
176,Ekpoma,NG,71.13,clear sky,0.0,0,6.74,6.14,Purimate
177,Buraydah,SA,89.6,clear sky,0.0,0,26.33,43.98,Mövenpick Hotel Qassim
184,Harper,LR,78.17,overcast clouds,0.0,0,4.38,-7.72,Cape View Guest House
186,Srednekolymsk,RU,82.4,clear sky,0.0,0,67.45,153.68,
187,Cookeville,US,87.8,clear sky,0.0,0,36.16,-85.5,La Quinta Inn & Suites by Wyndham Cookeville
188,Bloomington,US,73.99,overcast clouds,0.0,0,44.84,-93.3,Comfort Inn MSP Airport - Mall Of America
189,Metro,ID,73.65,scattered clouds,0.0,0,-5.11,105.31,OYO 3177 Wisma Lintang
190,Mackay,AU,60.8,overcast clouds,0.0,0,-21.15,149.2,International Lodge Motel
191,Pytalovo,RU,61.52,clear sky,0.0,0,57.07,27.91,Hotel Dubrava
193,Shangrao,CN,71.28,overcast clouds,0.0,0,28.45,117.97,Boyue boutique Hotel
194,Vanimo,PG,78.21,broken clouds,0.0,0,-2.67,141.3,Vahmoneh Lodge Vanimo
198,San Isidro,PE,64.4,overcast clouds,0.0,0,-12.12,-77.05,Radisson Hotel Decapolis Miraflores
201,Luneville,FR,62.6,clear sky,0.0,0,48.6,6.5,Brit Hotel Nancy Lunéville
202,Novo Aripuana,BR,86.0,overcast clouds,0.0,0,-5.12,-60.38,Hotel Ypê
203,Puerto Colombia,CO,89.6,broken clouds,0.0,0,10.99,-74.95,Hotel El Emigrante
204,College,US,71.01,broken clouds,0.0,0,64.86,-147.8,Pike's Waterfront Lodge
206,Bundaberg,AU,61.0,light intensity drizzle,0.0,0,-24.85,152.35,Takalvan Motel
207,Belmonte,BR,77.0,clear sky,0.0,0,-15.86,-38.88,Pousada Monte Carmelo O Pão
211,San Quintin,MX,68.09,clear sky,0.0,0,30.48,-115.95,Old Mill Hotel
213,Bartica,GY,87.8,few clouds,0.0,0,6.4,-58.62,La Vista Hotel and Apartment
214,Vila Velha,BR,77.0,clear sky,0.0,0,-20.33,-40.29,Hotel Vitória Palace
215,Charters Towers,AU,62.73,overcast clouds,0.0,0,-20.1,146.27,Cattleman's Rest Motor Inn
216,Jalu,LY,92.46,clear sky,0.0,0,29.03,21.55,Jalu Hotel
217,Micheweni,TZ,77.68,broken clouds,0.0,0,-4.97,39.83,
218,Malanje,AO,61.02,clear sky,0.0,0,-9.54,16.34,Malanje Hotel
219,Lakatoro,VU,75.2,scattered clouds,0.0,0,-16.1,167.42,Lakatoro Palm Lodge
221,Ugoofaaru,MV,83.64,overcast clouds,0.0,0,5.67,73.0,Ungoofaaru Inn
222,Haines Junction,CA,62.49,broken clouds,0.0,0,60.75,-137.51,Parkside Inn
223,Sao Filipe,CV,74.57,few clouds,0.0,0,14.9,-24.5,Tortuga B&B
224,Tehachapi,US,84.2,clear sky,0.0,0,35.13,-118.45,Holiday Inn Express & Suites Tehachapi Hwy 58/Mill St.
225,Alta Floresta,BR,91.4,few clouds,0.0,0,-9.88,-56.09,Floresta Amazonica Hotel
226,Sioux Lookout,CA,71.6,broken clouds,0.0,0,50.1,-91.92,Knobby's Fly-In Camps
227,Dahuk,IQ,70.36,clear sky,0.0,0,36.87,42.99,Parwar Hotel
231,Chapais,CA,84.2,overcast clouds,0.0,0,49.78,-74.85,Hôtel Opémiska
233,Savannah Bight,HN,83.14,overcast clouds,0.0,0,16.45,-85.85,Villa on Dunbar Rock
234,Palora,EC,68.0,light intensity drizzle,0.0,0,-1.7,-77.93,Rancho grande
235,Le Vauclin,MQ,86.0,overcast clouds,0.0,0,14.55,-60.84,Hôtel Cap Macabou
236,Fairbanks,US,71.01,broken clouds,0.0,0,64.84,-147.72,Westmark Fairbanks Hotel & Conference Center
237,Awbari,LY,87.84,clear sky,0.0,0,26.59,12.78,فندق أوباري
238,Salinopolis,BR,80.11,clear sky,0.0,0,-0.61,-47.36,Hotel Salinópolis
242,Lamar,US,86.0,broken clouds,0.0,0,33.67,-95.58,Kings Inn Paris TX
243,Namatanai,PG,81.12,broken clouds,0.0,0,-3.67,152.43,Namatanai Hotel
246,Alamosa,US,75.2,clear sky,0.0,0,37.47,-105.87,Best Western Alamosa Inn
249,Quatis,BR,69.19,clear sky,0.0,0,-22.41,-44.26,Pousada Veneza Porto Real
252,Kerrville,US,91.4,clear sky,0.0,0,30.05,-99.14,Hampton Inn Kerrville
254,Bairiki,KI,80.6,scattered clouds,0.0,0,1.33,172.98,Tarawa Boutique Hotel
255,Aleksandriyskaya,RU,64.4,scattered clouds,0.0,0,44.23,43.35,
258,Ahtopol,BG,72.0,clear sky,0.0,0,42.1,27.95,Agata Beach Hotel
259,Talavera De La Reina,ES,73.4,clear sky,0.0,0,39.96,-4.83,Be Live City Center Talavera
260,Chokurdakh,RU,83.89,clear sky,0.0,0,70.63,147.92,
261,Bogalusa,US,91.4,scattered clouds,0.0,0,30.79,-89.85,Traveler's Rest Motel
262,Kaiyuan,CN,68.5,broken clouds,0.0,0,23.7,103.3,Dongqi Hotel
264,Gunjur,GM,80.15,scattered clouds,0.0,0,13.2,-16.73,Kuba Lodge
266,Najran,SA,86.0,overcast clouds,0.0,0,17.49,44.13,محمد هادي ال فطيح
267,Filingue,NE,98.78,scattered clouds,0.0,0,14.35,3.32,
268,Fort-Shevchenko,KZ,85.96,overcast clouds,0.0,0,44.51,50.26,Oasis hotel Bautino
275,Limbang,MY,77.0,broken clouds,0.0,0,4.75,115.0,Purnama Hotel
281,Namibe,AO,70.99,clear sky,0.0,0,-15.2,12.15,Hotel Chik Chik Namibe
282,Hirara,JP,83.7,few clouds,0.0,0,24.8,125.28,Hotel Atoll Emerald Miyakojima
283,Saurimo,AO,60.04,clear sky,0.0,0,-9.66,20.39,Hotel Kawissa Saurimo
284,Kango,GA,73.42,broken clouds,0.0,0,0.19,10.1,Le Flamboyant du Como
285,Naze,JP,80.6,light rain,0.0,0,28.37,129.48,奄美ポートタワーホテル
286,Sri Aman,MY,73.4,broken clouds,0.0,0,1.24,111.46,Seri Simanggang Hotel
289,Forest Grove,US,68.0,overcast clouds,0.0,0,45.52,-123.11,McMenamins Grand Lodge
290,Esna,EG,91.4,clear sky,0.0,0,25.29,32.55,Orient Star Dahabyia Isna 05 Nights Each Sunday
291,Bhum,IN,75.79,overcast clouds,0.0,0,18.47,75.67,धनंजय होम
292,Maragogi,BR,76.28,clear sky,0.0,0,-9.01,-35.22,Salinas do Maragogi All Inclusive Resort
295,Hasaki,JP,68.0,broken clouds,0.0,0,35.73,140.83,Inubosaki Kanko Hotel
299,Hay River,CA,84.2,few clouds,0.0,0,60.82,-115.8,Ptarmigan Inn Hotels
300,Villarrica,PY,76.06,clear sky,0.0,0,-25.75,-56.43,Mansión Reljuv Tours SA
301,Belle Fourche,US,73.99,overcast clouds,0.0,0,44.67,-103.85,Kings Inn
302,Penukonda,IN,76.98,broken clouds,0.0,0,14.08,77.58,The Hotel Spider
303,Katherine,AU,60.8,clear sky,0.0,0,-14.47,132.27,Pine Tree Motel
304,Tiznit,MA,67.46,clear sky,0.0,0,29.58,-9.5,
306,Livingston,GB,61.0,few clouds,0.0,0,55.9,-3.52,Mercure Livingston Hotel
308,Makat,KZ,81.93,broken clouds,0.0,0,47.65,53.35,Gostinitsa Daulet
309,Potam,MX,106.0,clear sky,0.0,0,27.6,-110.38,Ejido La Pimienta
310,Tocopilla,CL,65.71,few clouds,0.0,0,-22.09,-70.2,Hotel Galvarino
312,Yangambi,CD,72.73,broken clouds,0.0,0,0.81,24.43,
313,Ust-Nera,RU,70.29,clear sky,0.0,0,64.57,143.2,Hotel Ust-Nera
315,Mangaldai,IN,86.0,mist,0.0,0,26.43,92.03,Hotel Siddarth Palace
316,Vao,NC,67.68,scattered clouds,0.0,0,-22.67,167.48,Hotel Kou-Bugny
317,San Cristobal,VE,86.0,scattered clouds,0.0,0,7.77,-72.22,Pirineos
319,Wiang Sa,TH,76.1,overcast clouds,0.0,0,8.64,99.37,ชำนาญอินน์
320,Mahebourg,MU,71.6,scattered clouds,0.0,0,-20.41,57.7,Shandrani Beachcomber Resort & Spa
323,Morrinhos,BR,70.34,clear sky,0.0,0,-17.73,-49.1,Hotel Águia
324,Laureles,US,91.99,scattered clouds,0.0,0,26.11,-97.49,Los Fresnos Inn
325,Pemangkat,ID,78.94,overcast clouds,0.0,0,1.17,108.97,Kost H.Syamsuddin
326,San Patricio,MX,87.8,scattered clouds,0.0,0,19.22,-104.7,Hotel Cabo Blanco
328,Kununurra,AU,60.8,clear sky,0.0,0,-15.77,128.73,Hotel Kununurra
329,Khani,GE,62.6,broken clouds,0.0,0,41.96,42.96,კურორტი ზეკარი/Resort Zekari
330,Shitanjing,CN,75.99,overcast clouds,0.0,0,39.23,106.34,
331,Cabo San Lucas,MX,89.6,clear sky,0.0,0,22.89,-109.91,Hotel Tesoro Los Cabos
333,Katobu,ID,74.3,broken clouds,0.0,0,-4.94,122.53,La Ode Husein
334,Kirakira,SB,80.19,overcast clouds,0.0,0,-10.45,161.92,SanBiz Lodge
335,Trabzon,TR,71.6,broken clouds,0.0,0,40.92,39.83,SANDALS HOTEL
336,Cody,US,75.0,broken clouds,0.0,0,44.53,-109.06,Buffalo Bill (Cabins) Village
337,Latung,PH,83.57,overcast clouds,0.0,0,5.5,120.88,
338,Eyl,SO,81.45,overcast clouds,0.0,0,7.98,49.82,Amiin Hotel
339,Saint-Joseph,RE,68.0,broken clouds,0.0,0,-21.37,55.62,"""Plantation Bed and Breakfast"
340,Paita,PE,69.03,clear sky,0.0,0,-5.09,-81.11,Hotel Náutico de Paita
341,Kidal,ML,94.35,clear sky,0.0,0,18.44,1.41,
342,Bosaso,SO,93.63,clear sky,0.0,0,11.28,49.18,Red Sea Hotel
344,Sao Jose Da Coroa Grande,BR,76.8,clear sky,0.0,0,-8.9,-35.15,Crôa Mares Hotel
345,Kaniama,CD,67.08,clear sky,0.0,0,-7.57,24.18,
348,Teteven,BG,66.2,broken clouds,0.0,0,42.92,24.27,Family Hotel Teteven
351,Beloha,MG,64.02,clear sky,0.0,0,-25.17,45.05,
352,Qiqihar,CN,63.5,scattered clouds,0.0,0,47.34,123.97,Ji Hotel Qiqihar Bu Kui Street
353,Goderich,CA,86.0,overcast clouds,0.0,0,43.75,-81.72,Harmony Inn
354,Marsh Harbour,BS,82.33,broken clouds,0.0,0,26.54,-77.06,Abaco Beach Resort
355,North Bend,US,62.6,mist,0.0,0,43.41,-124.22,Red Lion Hotel Coos Bay
357,Karratha,AU,67.46,clear sky,0.0,0,-20.74,116.85,ibis Styles Karratha
358,Marzuq,YE,86.11,overcast clouds,0.0,0,14.4,46.47,
359,Guerrero Negro,MX,73.76,clear sky,0.0,0,27.98,-114.06,"Casa Laguna, Bed & Breakfast"
360,Kyabe,TD,79.23,broken clouds,0.0,0,9.45,18.94,
361,Fare,PF,80.4,scattered clouds,0.0,0,-16.7,-151.02,Maitai Lapita Village Huahine
362,Sherbrooke,CA,89.6,few clouds,0.0,0,45.4,-71.9,Grand Times Hotel Sherbrooke
363,Itoman,JP,82.4,broken clouds,0.0,0,26.12,127.67,Southern Beach Hotel & Resort Okinawa
364,Tecoanapa,MX,88.83,broken clouds,0.0,0,16.52,-98.75,Hotel Manglares
366,Catamarca,AR,79.0,clear sky,0.0,0,-28.47,-65.79,Amerian Catamarca Park Hotel
367,San Ignacio,BZ,93.2,scattered clouds,0.0,0,17.16,-89.07,Rainforest Haven Inn
368,Norman Wells,CA,62.6,light rain,0.0,0,65.28,-126.83,Heritage Hotel
369,Adre,TD,83.01,clear sky,0.0,0,13.47,22.2,
371,Evensk,RU,60.12,clear sky,0.0,0,61.95,159.23,
372,Alyangula,AU,64.4,heavy intensity rain,0.0,0,-13.85,136.42,Groote Eylandt Lodge
374,Reynosa,MX,93.99,scattered clouds,0.0,0,26.08,-98.28,Hotel El Camino Inn & Suites
375,Cockburn Town,TC,82.96,broken clouds,0.0,0,21.46,-71.14,Osprey Beach Hotel
376,Kulhudhuffushi,MV,83.64,overcast clouds,0.0,0,6.62,73.07,Haajy Guest House 1
377,Maceio,BR,78.8,scattered clouds,0.0,0,-9.67,-35.74,Mercure Maceio Pajucara Hotel
378,Hobyo,SO,80.13,clear sky,0.0,0,5.35,48.53,Osmani Hotel
379,Taltal,CL,65.12,few clouds,0.0,0,-25.4,-70.48,Residencial Karime
380,Sfantu Gheorghe,RO,60.01,scattered clouds,0.0,0,45.87,25.78,Hotel Park Sfantu Gheorghe
381,Sola,VU,79.86,broken clouds,0.0,0,-13.88,167.55,Leumerus Bungalows
382,Bac Lieu,VN,78.42,overcast clouds,0.0,0,9.29,105.72,Khách sạn Sài Gòn Bạc Liêu
384,Faanui,PF,79.75,scattered clouds,0.0,0,-16.48,-151.75,Bora-Bora Pearl Beach Resort & Spa
385,Colares,PT,66.99,few clouds,0.0,0,38.8,-9.45,Arribas Sintra Hotel
389,Los Llanos De Aridane,ES,71.6,clear sky,0.0,0,28.66,-17.92,Valle Aridane
390,Morogoro,TZ,68.0,broken clouds,0.0,0,-6.82,37.67,Nashera Hotel
392,Lyuban,BY,64.69,overcast clouds,0.0,0,52.8,28.0,
393,Stokmarknes,NO,62.01,clear sky,0.0,0,68.56,14.91,Vesterålen Kysthotell
394,Bathsheba,BB,84.2,scattered clouds,0.0,0,13.22,-59.52,Atlantis Hotel
395,Laguna,US,87.01,clear sky,0.0,0,38.42,-121.42,Holiday Inn Express & Suites Elk Grove Central - Hwy 99
396,Popondetta,PG,74.03,broken clouds,0.0,0,-8.75,148.25,Timos Transit House
397,Vila Franca Do Campo,PT,66.2,few clouds,0.0,0,37.72,-25.43,Pestana Bahia Praia
399,Malartic,CA,89.6,broken clouds,0.0,0,48.13,-78.13,Camping Regional De Malartic
400,Linxi,CN,71.64,broken clouds,0.0,0,39.7,118.43,Peace Hotel
401,Hartselle,US,90.0,clear sky,0.0,0,34.44,-86.94,Country Cottage-Hartselle
404,Sura,RU,62.11,broken clouds,0.0,0,53.89,45.74,
405,Linxia,CN,61.18,few clouds,0.0,0,35.6,103.21,GreenTree Inn Linxia Autonomous Prefecture Linxia Oxford River Avenue Express Hotel
406,Zhanakorgan,KZ,65.82,clear sky,0.0,0,43.91,67.25,"""Ақпалас"" қонақ үйі"
407,Nehe,CN,60.57,broken clouds,0.0,0,48.48,124.83,Vladimir Homestay
410,Thai Binh,VN,86.0,scattered clouds,0.0,0,20.45,106.33,Hội Liên Hiệp Phụ Nữ Tỉnh Thái Bình
411,Saint-Pierre,RE,68.0,scattered clouds,0.0,0,-21.34,55.48,Lindsey Hôtel
412,Luanda,AO,73.4,few clouds,0.0,0,-8.84,13.23,EPIC SANA Luanda
414,Ternate,ID,80.58,overcast clouds,0.0,0,0.8,127.4,Grand Dafam Bela Ternate
415,Crixas,BR,77.09,overcast clouds,0.0,0,-14.55,-49.97,RISO HOTEL
419,Silifke,TR,79.75,clear sky,0.0,0,36.38,33.93,Altınorfoz
420,Inhambane,MZ,64.42,clear sky,0.0,0,-23.86,35.38,Oceano
421,Verkhoyansk,RU,81.73,clear sky,0.0,0,67.54,133.38,
423,Takoradi,GH,76.96,broken clouds,0.0,0,4.88,-1.76,Raybow International Hotel
424,Nouakchott,MR,77.0,clear sky,0.0,0,18.09,-15.98,Hôtel Iman
425,Padang,ID,77.32,overcast clouds,0.0,0,-0.95,100.35,Mercure Padang
426,Mecca,SA,83.84,broken clouds,0.0,0,21.43,39.83,Hotel Fairmont Makkah Clock Royal Tower
428,Hualmay,PE,66.13,few clouds,0.0,0,-11.1,-77.61,Hotel Restaurant Turístico Casablanca
429,Havre,FR,68.0,scattered clouds,0.0,0,49.58,0.33,gite bois jourdain
431,Dawlatabad,AF,76.53,clear sky,0.0,0,36.41,64.91,WASIM ASGAR KHAN
432,Ilinskiy,RU,64.99,scattered clouds,0.0,0,55.62,38.12,"КРЕАТОВО, инновационный центр"
433,Kavieng,PG,82.67,few clouds,0.0,0,-2.57,150.8,Nusa Island Retreat
434,Ryde,GB,61.0,broken clouds,0.0,0,50.73,-1.16,Dorset Hotel
435,Luganville,VU,75.2,scattered clouds,0.0,0,-15.53,167.17,The Espiritu Hotel
437,Forssa,FI,63.0,clear sky,0.0,0,60.81,23.62,Scandic Forssa
438,Jawhar,SO,75.92,clear sky,0.0,0,2.78,45.5,Ceelbaraf high school
439,Soyo,AO,73.94,clear sky,0.0,0,-6.13,12.37,Hotel Mpampa
441,Mandalgovi,MN,62.62,broken clouds,0.0,0,45.76,106.27,В.Ганбат
442,Gat,IL,73.0,clear sky,0.0,0,31.61,34.76,רגע בנחת
443,Lampazos De Naranjo,MX,97.05,overcast clouds,0.0,0,27.02,-100.52,Bella Vista
444,Alofi,NU,76.73,overcast clouds,0.0,0,-19.06,-169.92,Taloa Heights
445,Havelock,US,84.2,thunderstorm,0.0,0,34.88,-76.9,Sherwood Motel
450,Ambulu,ID,74.43,broken clouds,0.0,0,-8.35,113.61,Hotel Ambulu Jember
451,Westport,US,84.2,clear sky,0.0,0,41.14,-73.36,The Westport Inn
452,Saint-Raymond,CA,91.4,few clouds,0.0,0,45.47,-73.61,Comfort Suites Downtown
453,San Pedro,PH,80.6,few clouds,0.0,0,14.35,121.02,OYO 412 Viewfort Venue
454,Kattivakkam,IN,86.0,haze,0.0,0,13.22,80.32,St. Joseph Thirumana mandapam
456,Husavik,IS,60.8,few clouds,0.0,0,66.04,-17.34,Bjarnabúð
457,Roald,NO,64.0,overcast clouds,0.0,0,62.58,6.13,Flem Cabins
458,Korem,ET,62.4,scattered clouds,0.0,0,12.51,39.52,
459,Norrtalje,SE,66.2,clear sky,0.0,0,59.76,18.7,Norrtälje Vandrarhem Hvilan
460,Great Yarmouth,GB,61.0,clear sky,0.0,0,52.61,1.73,Comfort Hotel Great Yarmouth
462,Tual,ID,80.29,clear sky,0.0,0,-5.67,132.75,Grand Vilia Hotel
463,Maragheh,IR,61.27,clear sky,0.0,0,37.39,46.24,Grand Hotel Maragheh
464,Waddan,LY,80.11,clear sky,0.0,0,29.16,16.14,محل الشريف محمد العايب
466,Rincon,US,91.4,broken clouds,0.0,0,32.3,-81.24,Bent tree subdivision
468,Mabai,CN,64.36,overcast clouds,0.0,0,23.01,104.45,Yingpan Hostel
473,Shubarshi,KZ,67.03,clear sky,0.0,0,48.59,57.19,
474,Port Shepstone,ZA,62.24,clear sky,0.0,0,-30.74,30.45,My Den Beachfront B&B And Self-Catering
475,Sakakah,SA,82.4,clear sky,0.0,0,29.97,40.21,Fakhamat Al Orjoana Apartment
476,Nabire,ID,75.11,scattered clouds,0.0,0,-3.37,135.48,Hotel Nusantara Nabire
477,Linjiang,CN,61.02,scattered clouds,0.0,0,41.81,126.91,Mingmen Business Hotel
478,Oistins,BB,84.2,scattered clouds,0.0,0,13.07,-59.53,Butterfly Beach Hotel
479,Acopiara,BR,75.38,clear sky,0.0,0,-6.1,-39.45,Cantinho do Ceu Hotel
480,San Jose,US,84.99,scattered clouds,0.0,0,37.34,-121.89,The Westin San Jose
481,Chico,US,91.99,scattered clouds,0.0,0,39.73,-121.84,Quality Inn Near Chico State
483,Diamantino,BR,81.34,scattered clouds,0.0,0,-14.41,-56.45,Hotel Delta
484,Urucui,BR,82.2,few clouds,0.0,0,-7.23,-44.56,Formula Flat Uruçui
485,Acari,PE,70.45,scattered clouds,0.0,0,-15.43,-74.62,Hospedaje Ximens
486,Cap Malheureux,MU,71.01,overcast clouds,0.0,0,-19.98,57.61,Pereybere Hotel & Spa
488,Batticaloa,LK,81.99,overcast clouds,0.0,0,7.71,81.69,Grand Star Guest House
489,Yatou,CN,65.79,scattered clouds,0.0,0,37.15,122.38,GreenTree Hotel Rongcheng Bus Station
490,Pandan,PH,79.68,clear sky,0.0,0,14.05,124.17,Bonifacio Lodge
491,Tiarei,PF,82.4,broken clouds,0.0,0,-17.53,-149.33,Le Rocher de Tahiti
493,Campos Belos,BR,74.23,broken clouds,0.0,0,-13.04,-46.77,Pousada Carnaúba
494,Nishihara,JP,82.4,broken clouds,0.0,0,26.18,127.76,Minshuku Agaihama
495,Grand Gaube,MU,71.01,overcast clouds,0.0,0,-20.01,57.66,Veranda Paul et Virginie Hotel & Spa
496,La Joya,MX,90.0,broken clouds,0.0,0,18.67,-99.47,HOTEL BUGAMBILIAS
498,Green River,US,71.6,few clouds,0.0,0,41.53,-109.47,Hampton Inn & Suites Green River
499,Axim,GH,77.4,overcast clouds,0.0,0,4.87,-2.24,AXIM BEACH RESORT AND SPA
500,Tabuk,PH,74.14,clear sky,0.0,0,17.42,121.44,Grand Zion Garden Resort Hotel
501,Caravelas,BR,71.85,scattered clouds,0.0,0,-17.71,-39.25,Pousada dos Navegantes
502,Tura,IN,75.29,clear sky,0.0,0,25.52,90.22,Hotel RIKMAN Continental
503,Sur,OM,85.62,broken clouds,0.0,0,22.57,59.53,Sur Plaza Hotel
504,Sumbe,AO,71.08,clear sky,0.0,0,-11.21,13.84,Hotel Ritz Sumbe
506,San Pedro De Macoris,DO,89.6,scattered clouds,0.0,0,18.46,-69.3,Apartahotel Guaraguao
510,Bilibino,RU,77.04,overcast clouds,0.0,0,68.05,166.44,Gostinitsa Severyanka
513,Springville,US,82.0,broken clouds,0.0,0,40.17,-111.61,Best Western Mountain View Inn
514,Kerrobert,CA,69.8,few clouds,0.0,0,51.92,-109.13,"Motel 6 Kerrobert, SK"
515,Salamiyah,SY,69.3,clear sky,0.0,0,35.01,37.05,Gondolas Forum grandchildren and grandparents
518,Hefei,CN,68.0,light rain,0.0,0,31.86,117.28,Jinhuan Hotel
519,Pucallpa,PE,91.4,scattered clouds,0.0,0,-8.38,-74.55,Manish Hotel Ecológico
521,Valer,NO,69.01,overcast clouds,0.0,0,60.68,11.83,Heia hotel
523,Les Cayes,HT,84.4,broken clouds,0.0,0,18.2,-73.75,Villa Orphee
524,Shahabad,IN,84.34,broken clouds,0.0,0,27.65,79.95,डाक बंगला
525,Bam,IR,88.92,broken clouds,0.0,0,29.11,58.36,Bam Tourist Hotel
526,Yarada,IN,82.4,mist,0.0,0,17.65,83.27,"D-26/2, Dolphin Hill,"
527,La Palma,US,75.0,overcast clouds,0.0,0,33.85,-118.05,La Quinta Inn & Suites by Wyndham Buena Park
530,Margate,GB,61.0,few clouds,0.0,0,51.38,1.39,Premier Inn Margate hotel
531,Bilma,NE,91.11,broken clouds,0.0,0,18.69,12.92,Expeditions Ténére voyages
532,Kashan,IR,83.84,clear sky,0.0,0,33.98,51.44,Manouchehri Traditional House And Hotel
533,Nivala,FI,61.0,few clouds,0.0,0,63.92,24.97,Hotelli Huiskankorpi / Aseman majatalo
537,Corner Brook,CA,68.0,broken clouds,0.0,0,48.97,-57.95,Glynmill Inn
539,Aquiraz,BR,82.4,few clouds,0.0,0,-3.9,-38.39,Pousada Rua Camurupim
540,Plettenberg Bay,ZA,60.3,overcast clouds,0.0,0,-34.05,23.37,Thanda Vista B&B
544,Yermish,RU,61.72,scattered clouds,0.0,0,54.77,42.27,Zarya
545,Mayskiy,RU,71.6,overcast clouds,0.0,0,47.69,40.1,Dio Lakrua
547,Acapulco,MX,89.6,scattered clouds,0.0,0,16.86,-99.89,HS Hotsson Smart Acapulco
548,Touros,BR,78.8,few clouds,0.0,0,-5.2,-35.46,INN NEW HORIZON
549,Mutsu,JP,62.01,broken clouds,0.0,0,41.29,141.22,Mutsu Park Hotel
550,Dakar,SN,80.6,clear sky,0.0,0,14.69,-17.44,Novotel Dakar
551,Mao,ES,69.8,few clouds,0.0,0,39.89,4.27,ARTIEM Capri
553,Santa Rosalia,MX,91.81,clear sky,0.0,0,27.32,-112.28,Hotel Las Casitas Santa Rosalia
556,Teahupoo,PF,82.4,broken clouds,0.0,0,-17.83,-149.27,Vanira Lodge
559,Wanning,CN,81.18,clear sky,0.0,0,18.8,110.4,Paradise Hotel
560,Chalette-Sur-Loing,FR,64.0,broken clouds,0.0,0,48.01,2.74,ibis Montargis
561,Komsomolskiy,UZ,75.2,clear sky,0.0,0,40.43,71.72,Ikathouse
562,Houma,US,93.0,clear sky,0.0,0,29.6,-90.72,Courtyard by Marriott Houma
566,Balabac,PH,82.18,clear sky,0.0,0,7.99,117.06,Sing and Swing Lodge
568,Avera,US,91.4,scattered clouds,0.0,0,33.19,-82.53,
569,Half Moon Bay,US,73.99,scattered clouds,0.0,0,37.46,-122.43,"The Ritz-Carlton, Half Moon Bay"
570,Bushehr,IR,89.6,clear sky,0.0,0,28.97,50.84,Yas Hotel
571,Peniche,PT,66.99,clear sky,0.0,0,39.36,-9.38,Hotel Star inn Peniche
574,Linqiong,CN,77.0,scattered clouds,0.0,0,30.42,103.46,Tianlun Tanxianglou Hotel
576,Sechura,PE,74.98,clear sky,0.0,0,-5.56,-80.82,Hospedaje Costa Bella
